<?xml version="1.0" encoding="UTF-8"?>
<!DOCTYPE sqlMapConfig PUBLIC "-//ibatis.apache.org//DTD SQL Map Config 2.0//EN"
	"http://ibatis.apache.org/dtd/sql-map-config-2.dtd">
<sqlMapConfig>
	<properties resource="/dbconnect.properties" />
	
	<settings cacheModelsEnabled="true" 
	         enhancementEnabled="true"
	         lazyLoadingEnabled="true" 
	         maxRequests="32" 
	         maxSessions="10" 
	         maxTransactions="5" 
	         useStatementNamespaces="true" />

	<transactionManager type="JDBC" commitRequired="false">
		<dataSource type="SIMPLE">
            			<property name="JDBC.Driver" value="${driver}" />
            			<property name="JDBC.ConnectionURL" value="${url}" />
            			<property name="JDBC.Username" value="${username}" />
            			<property name="JDBC.Password" value="${password}" />
		</dataSource>
	</transactionManager>
	
	<!-- <sqlMap resource="/sql/joinSQL.xml"/>
	<sqlMap resource="/sql/boardSQL.xml"/>
	<sqlMap resource="/sql/loginSQL.xml"/>
	<sqlMap resource="/sql/adminBookSQL.xml"/>
	<sqlMap resource="/sql/adminMemberSQL.xml"/>
	<sqlMap resource="/sql/bookSQL.xml"/>
	<sqlMap resource="/sql/mypageSQL.xml"/>
	<sqlMap resource="/sql/myWroteSQL.xml"/> -->
</sqlMapConfig>