<?xml version="1.0" encoding="UTF-8"?>
<!DOCTYPE struts PUBLIC
	"-//Apache Software Foundation//DTD Struts Configuration 2.0//EN"
	"http://struts.apache.org/dtds/struts-2.0.dtd">

<struts>
	<!-- 용량제한 100MB로 설정. <constant name="struts.multipart.maxSize" value="104857600" 
		/> -->
	<constant name="struts.i18n.encoding" value="euc-kr" />

	<package name="main" extends="struts-default, tiles-default">
		<action name="mainAction" class="main.MainAction">
			<result name="success" type="tiles">main</result>
		</action>
<!-- 
		<action name="joinForm" class="member.JoinAction" method="form">
			<result name="success" type="tiles">join</result>
		</action>

		<action name="loginForm" class="login.LoginAction" method="form">
			<result type="tiles">login</result>
		</action>
		
		<action name="boardForm" class="board.ListAction">
			<result type="tiles">board</result>
		</action>
		
		<action name="introduce" class="main.MainAction">
			<result type="tiles">introduce</result>
		</action>
		
		<action name="history" class="main.MainAction">
			<result type="tiles">history</result>
		</action>
		
		<action name="map" class="main.MainAction">
			<result type="tiles">map</result>
		</action>
		
		
		<action name="admin" class="admin.AdminAction">
			<result type="tiles">admin</result>
		</action>
		
		<action name="myPage" class="mypage.MyPage" >
			<result name="success" type="tiles">myPage</result>
		</action>
		
		<action name="myWrote" class="mypage.MyWroteAction">
			<result type="tiles">myWrote</result>
		</action>
		
		


	<include file="/configs/board.xml" />
	<include file="/configs/login.xml" />
	<include file="/configs/join.xml" />
	<include file="/configs/admin.xml" />
	<include file="/configs/book.xml" />
	<include file="/configs/member.xml" />
	<include file="/configs/mypage.xml" /> -->
		</package>
</struts>